,time_gap_1,time_gap_2,time_gap_3,time_gap_4,time_gap_5,avg,std,running_time
Linear,1.6257228131490928,2.302694136915553,2.7428903987787545,3.5463501641439916,4.600041488204244,2.963539800238327,1.1503220348051073,0.005480512412818703
best_model,1.6257228131490928,2.302694136915553,2.7428903987787545,3.5463501641439916,4.600041488204244,2.963539800238327,1.1503220348051073,-1.0
