,time_gap_1,time_gap_2,time_gap_3,time_gap_4,time_gap_5,avg,std,running_time
Linear,1.6951628142021815,2.6466304398312217,3.1698002126757503,4.089942665762241,5.448304147574922,3.4099680560092636,1.4316163433913407,0.005024105664846059
best_model,1.6951628142021815,2.6466304398312217,3.1698002126757503,4.089942665762241,5.448304147574922,3.4099680560092636,1.4316163433913407,-1.0
