,time_gap_1,time_gap_2,time_gap_3,time_gap_4,time_gap_5,avg,std,running_time
Linear,1.65420478590824,2.250048051683218,2.7552760130202536,3.534166895870839,4.58706747047448,2.9561526433914063,1.143239584244531,0.004980113313004778
best_model,1.65420478590824,2.250048051683218,2.7552760130202536,3.534166895870839,4.58706747047448,2.9561526433914063,1.143239584244531,-1.0
