,time_gap_1,time_gap_2,time_gap_3,time_gap_4,time_gap_5,avg,std,running_time
Linear,1.5983756135067306,2.2545411300114933,2.807868296661128,3.7211648913974353,4.778280331820986,3.032046052679555,1.2484389683469712,0.005335749162210001
best_model,1.5983756135067306,2.2545411300114933,2.807868296661128,3.7211648913974353,4.778280331820986,3.032046052679555,1.2484389683469712,-1.0
