,time_gap_1,time_gap_2,time_gap_3,time_gap_4,time_gap_5,avg,std,running_time
Linear,1.614999791110174,2.224332784917312,2.656950550390688,3.4846935512442023,4.476023578145153,2.8914000511615057,1.1171584298428496,0.005189780286840491
best_model,1.614999791110174,2.224332784917312,2.656950550390688,3.4846935512442023,4.476023578145153,2.8914000511615057,1.1171584298428496,-1.0
