,time_gap_1,time_gap_2,time_gap_3,time_gap_4,time_gap_5,avg,std,running_time
Linear,1.6126029786256875,2.156791696959058,2.703603907512581,3.548018438851889,4.6054132525927045,2.9252860549083843,1.180411626705224,0.005191794215021907
best_model,1.6126029786256875,2.156791696959058,2.703603907512581,3.548018438851889,4.6054132525927045,2.9252860549083843,1.180411626705224,-1.0
