,time_gap_1,time_gap_2,time_gap_3,time_gap_4,time_gap_5,avg,std,running_time
Linear,1.6635271674280288,2.312745881718352,2.8586697988138177,3.785243852100004,5.019690442788508,3.127975428569742,1.3126615063897287,0.005376553406586518
best_model,1.6635271674280288,2.312745881718352,2.8586697988138177,3.785243852100004,5.019690442788508,3.127975428569742,1.3126615063897287,-1.0
