,time_gap_1,time_gap_2,time_gap_3,time_gap_4,time_gap_5,avg,std,running_time
Linear,1.6271795583532545,2.24191208650203,2.6832660571442837,3.427929949808392,4.400007853476834,2.876059101056959,1.0754060790856608,0.0052705044359774205
best_model,1.6271795583532545,2.24191208650203,2.6832660571442837,3.427929949808392,4.400007853476834,2.876059101056959,1.0754060790856608,-1.0
