,time_gap_1,time_gap_2,time_gap_3,time_gap_4,time_gap_5,avg,std,running_time
Linear,1.5659597271333612,2.238617234199386,2.662145549459998,3.546419437051957,4.696820661337646,2.9419925218364695,1.215655283204016,0.004273925343075314
best_model,1.5659597271333612,2.238617234199386,2.662145549459998,3.546419437051957,4.696820661337646,2.9419925218364695,1.215655283204016,-1.0
