,time_gap_1,time_gap_2,time_gap_3,time_gap_4,time_gap_5,avg,std,running_time
Linear,1.5798574166568973,2.1799389110024556,2.736244441579029,3.5813575512307767,4.641239959988706,2.943727656091573,1.2015286582622833,0.005070978499747611
best_model,1.5798574166568973,2.1799389110024556,2.736244441579029,3.5813575512307767,4.641239959988706,2.943727656091573,1.2015286582622833,-1.0
