,time_gap_1,time_gap_2,time_gap_3,time_gap_4,time_gap_5,avg,std,running_time
Linear,1.6144176287347836,2.1791790719895943,2.705167326407488,3.5692710613600145,4.61343891704028,2.936294801106432,1.1818919924564,0.0051493513261949685
best_model,1.6144176287347836,2.1791790719895943,2.705167326407488,3.5692710613600145,4.61343891704028,2.936294801106432,1.1818919924564,-1.0
