,time_gap_1,time_gap_2,time_gap_3,time_gap_4,time_gap_5,avg,std,running_time
Linear,1.6361365380196822,2.4406264992103432,2.9369448167431993,3.6673011098381085,4.6083736795159655,3.0578765286654597,1.1393426189853122,0.005143271523552972
best_model,1.6361365380196822,2.4406264992103432,2.9369448167431993,3.6673011098381085,4.6083736795159655,3.0578765286654597,1.1393426189853122,-1.0
