,time_gap_1,time_gap_2,time_gap_3,time_gap_4,time_gap_5,avg,std,running_time
Linear,1.6726466354700966,2.2064903289185023,2.8619365736693476,3.852481395706632,5.112561982990432,3.141223383351002,1.369352812836757,0.005078610858401737
best_model,1.6726466354700966,2.2064903289185023,2.8619365736693476,3.852481395706632,5.112561982990432,3.141223383351002,1.369352812836757,-1.0
