,time_gap_1,time_gap_2,time_gap_3,time_gap_4,time_gap_5,avg,std,running_time
Linear,1.6336153315944968,2.49053611543262,2.9750078967157205,3.9620539162917523,4.991938815659675,3.2106304151388527,1.3037184551538354,0.005149070636646167
best_model,1.6336153315944968,2.49053611543262,2.9750078967157205,3.9620539162917523,4.991938815659675,3.2106304151388527,1.3037184551538354,-1.0
