,time_gap_1,time_gap_2,time_gap_3,time_gap_4,time_gap_5,avg,std,running_time
Linear,1.6358987859562697,2.1311279288460665,2.689558118604481,3.587904266600772,4.6382830590817505,2.936554431817868,1.1959892419732687,0.005215139904537716
best_model,1.6358987859562697,2.1311279288460665,2.689558118604481,3.587904266600772,4.6382830590817505,2.936554431817868,1.1959892419732687,-1.0
