,time_gap_1,time_gap_2,time_gap_3,time_gap_4,time_gap_5,avg,std
Linear,10394.396205593197,6972.476415957683,5612.980204275366,4319.334492567301,3436.561559225893,6147.149775523887,2724.600916599405
best_model,-55.762600255065976,-37.40509862051528,-30.111837684442357,-23.171843550406898,-18.43605003010403,-32.97748602810691,14.616609638678714
