,time_gap_1,time_gap_2,time_gap_3,time_gap_4,time_gap_5,avg,std,running_time
Linear,2.6785964738594985,4.449225531593556,6.605313644259297,8.18381873854747,10.263066379943693,6.436004153640704,2.99145986835541,0.013254305220939016
best_model,2.6785964738594985,4.449225531593556,6.605313644259297,8.18381873854747,10.263066379943693,6.436004153640704,2.99145986835541,-1.0
