,time_gap_1,time_gap_2,time_gap_3,time_gap_4,time_gap_5,avg,std,running_time
Linear,1.6212842330325912,2.2966107986849575,2.8803412312484524,3.8525358440829187,4.827099845781525,3.095574390566089,1.2678101836228217,0.0050871966336224535
best_model,1.6212842330325912,2.2966107986849575,2.8803412312484524,3.8525358440829187,4.827099845781525,3.095574390566089,1.2678101836228217,-1.0
