,time_gap_1,time_gap_2,time_gap_3,time_gap_4,time_gap_5,avg,std,running_time
Linear,1.637454224237747,2.1837386850606757,2.671445810883451,3.4705189572654476,4.4358474728939274,2.8798010300682497,1.1001782211531503,0.005420475006103515
best_model,1.637454224237747,2.1837386850606757,2.671445810883451,3.4705189572654476,4.4358474728939274,2.8798010300682497,1.1001782211531503,-1.0
