,time_gap_1,time_gap_2,time_gap_3,time_gap_4,time_gap_5,avg,std,running_time
Linear,1.5938676500327784,2.326421480725176,2.7394944847836395,3.532725770042334,4.714972761462403,2.9814964294092663,1.1960346711856948,0.004592319952475059
best_model,1.5938676500327784,2.326421480725176,2.7394944847836395,3.532725770042334,4.714972761462403,2.9814964294092663,1.1960346711856948,-1.0
