,time_gap_1,time_gap_2,time_gap_3,time_gap_4,time_gap_5,avg,std,running_time
Linear,1.6178464590679384,2.253197567828411,2.6584851887215306,3.4626423329270883,4.4099585573064815,2.88042602117029,1.0857285605991902,0.005224486814962851
best_model,1.6178464590679384,2.253197567828411,2.6584851887215306,3.4626423329270883,4.4099585573064815,2.88042602117029,1.0857285605991902,-1.0
