,time_gap_1,time_gap_2,time_gap_3,time_gap_4,time_gap_5,avg,std,running_time
Linear,1.6020502797405702,2.3695582709371643,2.75248504942687,3.58287272444417,4.748709493443968,3.0111351635985484,1.205206350681759,0.004530940442471891
best_model,1.6020502797405702,2.3695582709371643,2.75248504942687,3.58287272444417,4.748709493443968,3.0111351635985484,1.205206350681759,-1.0
