,time_gap_1,time_gap_2,time_gap_3,time_gap_4,time_gap_5,avg,std,running_time
Linear,1.6009605512189096,2.2503820645466606,2.7594602594917297,3.6063321083510615,4.683201814711753,2.9800673596640226,1.201657003794695,0.005092250463124868
best_model,1.6009605512189096,2.2503820645466606,2.7594602594917297,3.6063321083510615,4.683201814711753,2.9800673596640226,1.201657003794695,-1.0
