,time_gap_1,time_gap_2,time_gap_3,time_gap_4,time_gap_5,avg,std,running_time
Linear,1.6617452447887093,2.208219075359012,2.7608863404680295,3.5779855371448797,4.692419123855281,2.9802510643231823,1.1907369392821023,0.005110885774767077
best_model,1.6617452447887093,2.208219075359012,2.7608863404680295,3.5779855371448797,4.692419123855281,2.9802510643231823,1.1907369392821023,-1.0
