,time_gap_1,time_gap_2,time_gap_3,time_gap_4,time_gap_5,avg,std,running_time
Linear,1.6244702345343853,2.153668832941598,2.6702280138167023,3.625528167333434,4.6489900467055865,2.944577059066341,1.205425577673767,0.005223751196990142
best_model,1.6244702345343853,2.153668832941598,2.6702280138167023,3.625528167333434,4.6489900467055865,2.944577059066341,1.205425577673767,-1.0
