,time_gap_1,time_gap_2,time_gap_3,time_gap_4,time_gap_5,avg,std,running_time
Linear,1.646334009587232,2.201205430273261,2.703605551281175,3.469609305919978,4.452043938478831,2.894559647108095,1.0990575743388462,0.005207158939258473
best_model,1.646334009587232,2.201205430273261,2.703605551281175,3.469609305919978,4.452043938478831,2.894559647108095,1.0990575743388462,-1.0
