,time_gap_1,time_gap_2,time_gap_3,time_gap_4,time_gap_5,avg,std,running_time
Linear,1.6778993250343033,2.244193536809065,2.9568724715804664,4.037640830823552,5.272054473084575,3.237732127466393,1.438523617164561,0.005016494570551691
best_model,1.6778993250343033,2.244193536809065,2.9568724715804664,4.037640830823552,5.272054473084575,3.237732127466393,1.438523617164561,-1.0
