,time_gap_1,time_gap_2,time_gap_3,time_gap_4,time_gap_5,avg,std,running_time
Linear,2.0192933954699406,3.4482824608263107,4.691228874789373,6.292487889500882,8.278520320432996,4.9459625882039004,2.438872640076897,0.005430876628772632
best_model,2.0192933954699406,3.4482824608263107,4.691228874789373,6.292487889500882,8.278520320432996,4.9459625882039004,2.438872640076897,-1.0
