,time_gap_1,time_gap_2,time_gap_3,time_gap_4,time_gap_5,avg,std,running_time
Linear,1.6050630421435748,2.1684341038292123,2.7365714754373114,3.6173705732811006,4.684246542002408,2.9623371473387214,1.216294159554846,0.004912914972047548
best_model,1.6050630421435748,2.1684341038292123,2.7365714754373114,3.6173705732811006,4.684246542002408,2.9623371473387214,1.216294159554846,-1.0
